,,,,,,,,
1,Wall@example.com,Wall!,1,USER,1,Wall@example.com,Brenton,Wall
2,Finney@example.com,Finney!,1,USER,2,Finney@example.com,Myles,Finney
3,Desimone@example.com,Desimone!,1,USER,3,Desimone@example.com,Red,Desimone
4,Poirier@example.com,Poirier!,1,USER,4,Poirier@example.com,Juancarlos,Poirier
5,Call@example.com,Call!,1,USER,5,Call@example.com,Brian,Call
6,Keen@example.com,Keen!,1,USER,6,Keen@example.com,Krysta,Keen
7,Bergeron@example.com,Bergeron!,0,USER,7,Bergeron@example.com,Darian,Bergeron
8,Glasgow@example.com,Glasgow!,0,USER,8,Glasgow@example.com,Pranav,Glasgow
9,Eaton@example.com,Eaton!,1,USER,9,Eaton@example.com,Sidney,Eaton
10,Blanton@example.com,Blanton!,1,USER,10,Blanton@example.com,Josefina,Blanton
11,Ashworth@example.com,Ashworth!,1,USER,11,Ashworth@example.com,Jenifer,Ashworth
12,Engel@example.com,Engel!,1,USER,12,Engel@example.com,Karlee,Engel
13,Russ@example.com,Russ!,1,USER,13,Russ@example.com,Alani,Russ
14,Kidd@example.com,Kidd!,1,USER,14,Kidd@example.com,Amiyah,Kidd
15,Mallory@example.com,Mallory!,1,USER,15,Mallory@example.com,Trae,Mallory
16,Mauldin@example.com,Mauldin!,1,USER,16,Mauldin@example.com,Kalie,Mauldin
17,Baez@example.com,Baez!,1,USER,17,Baez@example.com,Keegan,Baez
18,Markham@example.com,Markham!,1,USER,18,Markham@example.com,Devonta,Markham
19,Jean@example.com,Jean!,1,USER,19,Jean@example.com,Juliann,Jean
20,Wyman@example.com,Wyman!,1,USER,20,Wyman@example.com,Samson,Wyman
21,Alcantar@example.com,Alcantar!,1,USER,21,Alcantar@example.com,Michael,Alcantar
22,Coble@example.com,Coble!,1,USER,22,Coble@example.com,Jeffrey,Coble
23,Godfrey@example.com,Godfrey!,1,USER,23,Godfrey@example.com,Yoselin,Godfrey
24,Shirley@example.com,Shirley!,1,USER,24,Shirley@example.com,Amari,Shirley
25,Evans@example.com,Evans!,1,USER,25,Evans@example.com,Tracy,Evans
26,Covarrubias@example.com,Covarrubias!,1,USER,26,Covarrubias@example.com,Lisette,Covarrubias
27,Gallardo@example.com,Gallardo!,1,USER,27,Gallardo@example.com,Dora,Gallardo
28,Dugger@example.com,Dugger!,1,USER,28,Dugger@example.com,Myia,Dugger
29,Bair@example.com,Bair!,1,USER,29,Bair@example.com,Yasmin,Bair
30,Contreras@example.com,Contreras!,1,USER,30,Contreras@example.com,Lacy,Contreras
31,Odom@example.com,Odom!,1,USER,31,Odom@example.com,Ian,Odom
32,Gruber@example.com,Gruber!,1,USER,32,Gruber@example.com,Kevin,Gruber
33,DeJesus@example.com,DeJesus!,0,USER,33,DeJesus@example.com,Thaddeus,DeJesus
34,Contreras@example.com,Contreras!,0,USER,34,Contreras@example.com,Johnnie,Contreras
35,Colon@example.com,Colon!,0,USER,35,Colon@example.com,Brooke,Colon
36,Andersen@example.com,Andersen!,1,USER,36,Andersen@example.com,Saul,Andersen
37,Wilhelm@example.com,Wilhelm!,1,USER,37,Wilhelm@example.com,Corrine,Wilhelm
38,Rhoads@example.com,Rhoads!,1,USER,38,Rhoads@example.com,Caitlynn,Rhoads
39,Combs@example.com,Combs!,1,USER,39,Combs@example.com,Evan,Combs
40,Longo@example.com,Longo!,1,USER,40,Longo@example.com,Tiana,Longo
41,Rowell@example.com,Rowell!,1,USER,41,Rowell@example.com,Yaritza,Rowell
42,Caruso@example.com,Caruso!,1,USER,42,Caruso@example.com,Wilson,Caruso
43,Coy@example.com,Coy!,1,USER,43,Coy@example.com,Ester,Coy
44,Newell@example.com,Newell!,1,USER,44,Newell@example.com,Cailin,Newell
45,Winslow@example.com,Winslow!,1,USER,45,Winslow@example.com,Jesse,Winslow
46,Armendariz@example.com,Armendariz!,1,USER,46,Armendariz@example.com,Dwight,Armendariz
47,Echols@example.com,Echols!,1,USER,47,Echols@example.com,Juancarlos,Echols
48,Mazur@example.com,Mazur!,1,USER,48,Mazur@example.com,Alexandria,Mazur
49,Trahan@example.com,Trahan!,1,USER,49,Trahan@example.com,Agustin,Trahan
50,Talbert@example.com,Talbert!,1,USER,50,Talbert@example.com,Alvin,Talbert
51,Ratcliff@example.com,Ratcliff!,1,USER,51,Ratcliff@example.com,Stacey,Ratcliff
52,Culpepper@example.com,Culpepper!,1,USER,52,Culpepper@example.com,Maximilian,Culpepper
53,Slaughter@example.com,Slaughter!,1,USER,53,Slaughter@example.com,Carlie,Slaughter
54,Haddad@example.com,Haddad!,1,USER,54,Haddad@example.com,Gary,Haddad
55,Busby@example.com,Busby!,1,USER,55,Busby@example.com,Theodore,Busby
56,Rosa@example.com,Rosa!,1,USER,56,Rosa@example.com,Zackery,Rosa
57,McGowan@example.com,McGowan!,1,USER,57,McGowan@example.com,Adamaris,McGowan
58,Curry@example.com,Curry!,1,USER,58,Curry@example.com,Caleb,Curry
59,Royer@example.com,Royer!,1,USER,59,Royer@example.com,Jalynn,Royer
60,Martens@example.com,Martens!,1,USER,60,Martens@example.com,Odalys,Martens
61,Law@example.com,Law!,1,USER,61,Law@example.com,Shea,Law
62,Archer@example.com,Archer!,1,USER,62,Archer@example.com,Eddy,Archer
63,Russo@example.com,Russo!,1,USER,63,Russo@example.com,Grady,Russo
64,Mobley@example.com,Mobley!,1,USER,64,Mobley@example.com,Brenna,Mobley
65,Bronson@example.com,Bronson!,1,USER,65,Bronson@example.com,Cade,Bronson
66,Brinkley@example.com,Brinkley!,1,USER,66,Brinkley@example.com,Jacey,Brinkley
67,Langley@example.com,Langley!,1,USER,67,Langley@example.com,Sarina,Langley
68,Rosas@example.com,Rosas!,1,USER,68,Rosas@example.com,Amari,Rosas
69,Ayala@example.com,Ayala!,1,USER,69,Ayala@example.com,Nyah,Ayala
70,Wimberly@example.com,Wimberly!,1,USER,70,Wimberly@example.com,Draven,Wimberly
71,Burks@example.com,Burks!,1,USER,71,Burks@example.com,Dillion,Burks
72,Liu@example.com,Liu!,1,USER,72,Liu@example.com,Mike,Liu
73,Albers@example.com,Albers!,1,USER,73,Albers@example.com,Destinee,Albers
74,Bradshaw@example.com,Bradshaw!,1,USER,74,Bradshaw@example.com,Julie,Bradshaw
75,Eng@example.com,Eng!,1,USER,75,Eng@example.com,Antonio,Eng
76,Roy@example.com,Roy!,1,USER,76,Roy@example.com,Santos,Roy
77,Platt@example.com,Platt!,1,USER,77,Platt@example.com,Bronson,Platt
78,Parnell@example.com,Parnell!,1,USER,78,Parnell@example.com,Ricky,Parnell
79,Still@example.com,Still!,1,USER,79,Still@example.com,Jimmy,Still
80,Haskell@example.com,Haskell!,1,USER,80,Haskell@example.com,Deondre,Haskell
81,Hook@example.com,Hook!,1,USER,81,Hook@example.com,Nicholas,Hook
82,Paz@example.com,Paz!,1,USER,82,Paz@example.com,Javion,Paz
83,Ferraro@example.com,Ferraro!,1,USER,83,Ferraro@example.com,Gladys,Ferraro
84,Wall@example.com,Wall!,1,USER,84,Wall@example.com,Yamilet,Wall
85,Chappell@example.com,Chappell!,1,USER,85,Chappell@example.com,Vladimir,Chappell
86,Silverman@example.com,Silverman!,1,USER,86,Silverman@example.com,Dalia,Silverman
87,Willoughby@example.com,Willoughby!,1,USER,87,Willoughby@example.com,Ken,Willoughby
88,Brackett@example.com,Brackett!,1,USER,88,Brackett@example.com,Cheryl,Brackett
89,Vega@example.com,Vega!,1,USER,89,Vega@example.com,Cristofer,Vega
90,Thorpe@example.com,Thorpe!,1,USER,90,Thorpe@example.com,Makena,Thorpe
91,Lennon@example.com,Lennon!,1,USER,91,Lennon@example.com,Lewis,Lennon
92,Stark@example.com,Stark!,1,USER,92,Stark@example.com,Lane,Stark
93,Bohannon@example.com,Bohannon!,1,USER,93,Bohannon@example.com,Daja,Bohannon
94,Pearce@example.com,Pearce!,1,USER,94,Pearce@example.com,Kade,Pearce
95,Tuttle@example.com,Tuttle!,1,USER,95,Tuttle@example.com,Hunter,Tuttle
96,See@example.com,See!,1,USER,24,See@example.com,Tessa,See
97,Olivarez@example.com,Olivarez!,1,USER,8,Olivarez@example.com,Anya,Olivarez
98,Heim@example.com,Heim!,1,USER,44,Heim@example.com,Charlie,Heim
99,Bourne@example.com,Bourne!,1,USER,32,Bourne@example.com,Yaquelin,Bourne
100,Stovall@example.com,Stovall!,1,USER,56,Stovall@example.com,Jacqueline,Stovall